{
    "parameters": {
        "conv_layers": [
            32,
            64,
            128,
            256
        ],
        "kernel_size": 3,
        "stride": 1,
        "padding": 1,
        "use_batch_norm": false,
        "use_group_norm": true,
        "use_instance_norm": false,
        "use_min_max_scaling": true,
        "activation_conv": "swish",
        "weight_initialization": "xavier",
        "fully_connected_layers": [
            512,
            256,
            128
        ],
        "activation_fc": "swish",
        "gradient_clipping_enabled": false,
        "gradient_clipping": 1.5,
        "optimizer": "rmsprop",
        "learning_rate": 0.001,
        "momentum": 0.8,
        "weight_decay": 5e-05,
        "weight_decay_on_bias": false,
        "scheduler": "reduce_on_plateau",
        "lr_decay_factor": 0.6,
        "step_size": 8,
        "loss_type": "combined",
        "loss_gamma": 3.0,
        "loss_alpha": 0.5,
        "l1_enabled": false,
        "l1_strength": 0.0001,
        "l2_enabled": false,
        "l2_strength": 0.0001,
        "dropout_enabled": true,
        "dropout_rate": 0.2,
        "dropout_position": "after_conv",
        "dropconnect_enabled": true,
        "dropconnect_rate": 0.2,
        "brightness_enabled": true,
        "brightness": 0.5,
        "contrast_enabled": true,
        "contrast": 0.5,
        "rotation_enabled": true,
        "crop_enabled": true,
        "crop_size": 128
    },
    "test_loss": 1.836037303462173,
    "metrics": {
        "accuracy": 0.28883610451306413,
        "macro_precision": 0.2954453027303188,
        "macro_recall": 0.3157931090923031,
        "macro_f1": 0.2847916020865128,
        "class_0_precision": 0.25892408245349424,
        "class_0_recall": 0.41068580542264754,
        "class_0_f1": 0.3176071538698736,
        "class_1_precision": 0.34419431279620855,
        "class_1_recall": 0.47701149425287354,
        "class_1_f1": 0.39986235375086027,
        "class_2_precision": 0.25675675675675674,
        "class_2_recall": 0.25959661678594664,
        "class_2_f1": 0.25816887738595923,
        "class_3_precision": 0.5024630541871922,
        "class_3_recall": 0.1744186046511628,
        "class_3_f1": 0.25894897182025894,
        "class_4_precision": 0.17223837209302326,
        "class_4_recall": 0.29404466501240695,
        "class_4_f1": 0.21723189734188816,
        "class_5_precision": 0.23809523809523808,
        "class_5_recall": 0.2790014684287812,
        "class_5_f1": 0.25693035835023664
    },
    "history": [
        {
            "epoch": 1,
            "train_loss": 18.377614225402024,
            "val_loss": 1.9425465663274128
        },
        {
            "epoch": 2,
            "train_loss": 2.00331542708657,
            "val_loss": 1.9572968157854946
        },
        {
            "epoch": 3,
            "train_loss": 1.967907230059306,
            "val_loss": 1.956407398888559
        },
        {
            "epoch": 4,
            "train_loss": 1.9766854824441853,
            "val_loss": 1.9489063494133227
        },
        {
            "epoch": 5,
            "train_loss": 1.953915744116812,
            "val_loss": 1.9412100929202456
        },
        {
            "epoch": 6,
            "train_loss": 1.9697483452883633,
            "val_loss": 1.935233260646011
        },
        {
            "epoch": 7,
            "train_loss": 1.9527850331682148,
            "val_loss": 1.9644060171011724
        },
        {
            "epoch": 8,
            "train_loss": 1.9711721647869458,
            "val_loss": 1.9332278425043279
        },
        {
            "epoch": 9,
            "train_loss": 1.9569190361283042,
            "val_loss": 1.9613688353336218
        },
        {
            "epoch": 10,
            "train_loss": 2.031118839076071,
            "val_loss": 1.9710146152611934
        },
        {
            "epoch": 11,
            "train_loss": 1.9637851733149905,
            "val_loss": 1.935649405826222
        },
        {
            "epoch": 12,
            "train_loss": 3.289829059080644,
            "val_loss": 2.043964826699459
        },
        {
            "epoch": 13,
            "train_loss": 1.9845209302324238,
            "val_loss": 1.9411824363650698
        },
        {
            "epoch": 14,
            "train_loss": 1.951585632382017,
            "val_loss": 1.9506711345730405
        },
        {
            "epoch": 15,
            "train_loss": 1.9479234128287344,
            "val_loss": 1.965563214186466
        },
        {
            "epoch": 16,
            "train_loss": 1.947664206678217,
            "val_loss": 1.9551376610091238
        },
        {
            "epoch": 17,
            "train_loss": 1.9481620969194355,
            "val_loss": 1.949665033456051
        },
        {
            "epoch": 18,
            "train_loss": 1.9480781031377388,
            "val_loss": 1.9507685285626035
        },
        {
            "epoch": 19,
            "train_loss": 1.9483005567030474,
            "val_loss": 1.9355289394205266
        },
        {
            "epoch": 20,
            "train_loss": 1.949963634664362,
            "val_loss": 1.9408177606987231
        },
        {
            "epoch": 21,
            "train_loss": 1.9436347574898691,
            "val_loss": 1.9444872935612996
        },
        {
            "epoch": 22,
            "train_loss": 1.9442232377601392,
            "val_loss": 1.9488873662370625
        },
        {
            "epoch": 23,
            "train_loss": 1.9418836615302346,
            "val_loss": 1.9382727724133115
        },
        {
            "epoch": 24,
            "train_loss": 1.9368212764913386,
            "val_loss": 1.9404944867798777
        },
        {
            "epoch": 25,
            "train_loss": 1.9338222724018674,
            "val_loss": 1.927448576146906
        },
        {
            "epoch": 26,
            "train_loss": 1.919808201717608,
            "val_loss": 1.9257173863324253
        },
        {
            "epoch": 27,
            "train_loss": 1.9154320034113796,
            "val_loss": 1.897432890805331
        },
        {
            "epoch": 28,
            "train_loss": 1.9079628207466819,
            "val_loss": 1.9153239438028047
        },
        {
            "epoch": 29,
            "train_loss": 1.9067904407327825,
            "val_loss": 1.915580948193868
        },
        {
            "epoch": 30,
            "train_loss": 1.9067973765459927,
            "val_loss": 1.8930872498136577
        },
        {
            "epoch": 31,
            "train_loss": 1.8987617781667998,
            "val_loss": 1.8964123364650842
        },
        {
            "epoch": 32,
            "train_loss": 1.901132193478671,
            "val_loss": 1.9038073763702854
        },
        {
            "epoch": 33,
            "train_loss": 1.8937381596276255,
            "val_loss": 1.8892096064307473
        },
        {
            "epoch": 34,
            "train_loss": 1.8933755502556309,
            "val_loss": 1.8831427928173181
        },
        {
            "epoch": 35,
            "train_loss": 1.8893132534894077,
            "val_loss": 1.883271007826834
        },
        {
            "epoch": 36,
            "train_loss": 1.8829475767684705,
            "val_loss": 1.8604091586488667
        },
        {
            "epoch": 37,
            "train_loss": 1.8837584961544385,
            "val_loss": 1.8696277358315208
        },
        {
            "epoch": 38,
            "train_loss": 1.8761274832667727,
            "val_loss": 1.8696706222765374
        },
        {
            "epoch": 39,
            "train_loss": 1.8750293598030552,
            "val_loss": 1.8719568758299856
        },
        {
            "epoch": 40,
            "train_loss": 1.8747885660691694,
            "val_loss": 1.8762468496958415
        },
        {
            "epoch": 41,