{
    "best_run_id": 2,
    "best_loss": 0.8277631546511794,
    "best_config": {
        "conv_layers": [
            64,
            128,
            256,
            512
        ],
        "kernel_size": 4,
        "stride": 2,
        "padding": 0,
        "use_batch_norm": false,
        "use_group_norm": true,
        "use_instance_norm": false,
        "use_min_max_scaling": true,
        "activation_conv": "gelu",
        "weight_initialization": "kaiming",
        "fully_connected_layers": [
            512,
            256,
            128
        ],
        "activation_fc": "gelu",
        "gradient_clipping_enabled": true,
        "gradient_clipping": 2.0,
        "optimizer": "sgd",
        "learning_rate": 0.005,
        "momentum": 0.95,
        "weight_decay": 0.0005,
        "weight_decay_on_bias": true,
        "scheduler": "cosine",
        "lr_decay_factor": 0.2,
        "step_size": 3,
        "loss_type": "focal",
        "loss_gamma": 2.0,
        "loss_alpha": 0.75,
        "l1_enabled": true,
        "l1_strength": 0.0005,
        "l2_enabled": true,
        "l2_strength": 0.0005,
        "dropout_enabled": true,
        "dropout_rate": 0.4,
        "dropout_position": "after_activation",
        "dropconnect_enabled": false,
        "dropconnect_rate": 0.1,
        "brightness_enabled": false,
        "brightness": 0.3,
        "contrast_enabled": false,
        "contrast": 0.3,
        "rotation_enabled": true,
        "crop_enabled": true,
        "crop_size": 120
    },
    "best_metrics": {
        "accuracy": 0.3016627078384798,
        "macro_precision": 0.30371747073934047,
        "macro_recall": 0.33164503870730777,
        "macro_f1": 0.29594525004213484,
        "class_0_precision": 0.2907394113424264,
        "class_0_recall": 0.3229665071770335,
        "class_0_f1": 0.3060068001511145,
        "class_1_precision": 0.3486997635933806,
        "class_1_recall": 0.48440065681444994,
        "class_1_f1": 0.4054982817869416,
        "class_2_precision": 0.2985658409387223,
        "class_2_recall": 0.2979830839297333,
        "class_2_f1": 0.2982741777922501,
        "class_3_precision": 0.519163763066202,
        "class_3_recall": 0.20383036935704515,
        "class_3_f1": 0.29273084479371314,
        "class_4_precision": 0.1422829581993569,
        "class_4_recall": 0.2196029776674938,
        "class_4_f1": 0.17268292682926828,
        "class_5_precision": 0.22285308729595457,
        "class_5_recall": 0.461086637298091,
        "class_5_f1": 0.3004784688995215
    }
}